Title,Company,Location,Link,Source
Python Developer,Largeton Group,"Boston, MA",https://www.linkedin.com/jobs/view/python-developer-at-largeton-group-4278932926?position=1&pageNum=0&refId=i8NSicH0CRRzFCDHLxTiSw%3D%3D&trackingId=BIsw%2FnOtEv%2Bcrl3BKN601g%3D%3D,LinkedIn
Data Analyst,Cirkul,"Newton, MA",https://www.linkedin.com/jobs/view/data-analyst-at-cirkul-4277904444?position=2&pageNum=0&refId=i8NSicH0CRRzFCDHLxTiSw%3D%3D&trackingId=EtZfLh1P26ppfag2AVN7ew%3D%3D,LinkedIn
Junior Python Developer,Lensa,"Chantilly, VA",https://www.linkedin.com/jobs/view/junior-python-developer-at-lensa-4279118311?position=3&pageNum=0&refId=i8NSicH0CRRzFCDHLxTiSw%3D%3D&trackingId=jXI7hCssxpvlDD1GD95P2w%3D%3D,LinkedIn
Business Intelligence Analyst,Sock Club,"Austin, TX",https://www.linkedin.com/jobs/view/business-intelligence-analyst-at-sock-club-4279030912?position=4&pageNum=0&refId=i8NSicH0CRRzFCDHLxTiSw%3D%3D&trackingId=8n65vme3vxiqz7icQ8wtcw%3D%3D,LinkedIn
Junior Data Engineer / Analyst (Remote),Lensa,United States,https://www.linkedin.com/jobs/view/junior-data-engineer-analyst-remote-at-lensa-4279111911?position=5&pageNum=0&refId=i8NSicH0CRRzFCDHLxTiSw%3D%3D&trackingId=C2dQ3yb0chKz21IbAZPetg%3D%3D,LinkedIn
Data Analyst Internship,ConnectPrep,"Westport, CT",https://www.linkedin.com/jobs/view/data-analyst-internship-at-connectprep-4278995137?position=6&pageNum=0&refId=i8NSicH0CRRzFCDHLxTiSw%3D%3D&trackingId=uDHLMi9O%2BYUn140ScJufWQ%3D%3D,LinkedIn
"AI Engineer - Pre-training Scaling, Data and Eval",xAI,"Palo Alto, CA",https://www.linkedin.com/jobs/view/ai-engineer-pre-training-scaling-data-and-eval-at-xai-4279312156?position=7&pageNum=0&refId=i8NSicH0CRRzFCDHLxTiSw%3D%3D&trackingId=PqlDIguRU6ihfh1Lnnbf5A%3D%3D,LinkedIn
Junior Python Developer,Flexon Technologies Inc.,"Sunnyvale, CA",https://www.linkedin.com/jobs/view/junior-python-developer-at-flexon-technologies-inc-4277949110?position=8&pageNum=0&refId=i8NSicH0CRRzFCDHLxTiSw%3D%3D&trackingId=KP6R0y6XS8CLE%2B1xyp9SFQ%3D%3D,LinkedIn
Data Engineer,Los Angeles Dodgers,"Los Angeles, CA",https://www.linkedin.com/jobs/view/data-engineer-at-los-angeles-dodgers-4278103762?position=9&pageNum=0&refId=i8NSicH0CRRzFCDHLxTiSw%3D%3D&trackingId=UXlaGqJtihjcwEPv2N0j%2BQ%3D%3D,LinkedIn
Looking for Remote Math Tutors!,Lensa,"Jacksonville, FL",https://www.linkedin.com/jobs/view/looking-for-remote-math-tutors%21-at-lensa-4279115597?position=10&pageNum=0&refId=i8NSicH0CRRzFCDHLxTiSw%3D%3D&trackingId=uJKYj9hxnilK%2FqS%2BLlx6MA%3D%3D,LinkedIn
